{
  "itemid": "minecraft:acacia_fence",
  "displayname": "§fAcacia Fence",
  "nbttag": "{ExtraAttributes:{id:\"ACACIA_FENCE\"},HideFlags:254,ItemModel:\"minecraft:acacia_fence\",display:{Lore:[0:\"§f§lCOMMON\"],Name:\"§fAcacia Fence\"}}",
  "damage": 0,
  "lore": [
    "§f§lCOMMON"
  ],
  "internalname": "ACACIA_FENCE",
  "clickcommand": "viewrecipe",
  "crafttext": "",
  "modver": "Firmament 3.2.0-dev+mc1.21.5+g9791477",
  "infoType": "",
  "info": [],
  "vanilla": true,
  "recipe": {
    "A1": "WOOD-4:1",
    "A2": "STICK:1",
    "A3": "WOOD-4:1",
    "B1": "WOOD-4:1",
    "B2": "STICK:1",
    "B3": "WOOD-4:1",
    "C1": "",
    "C2": "",
    "C3": "",
    "count": 3
  }
}