{
  "itemid": "minecraft:acacia_door",
  "displayname": "§fAcacia Door",
  "nbttag": "{ExtraAttributes:{id:\"ACACIA_DOOR_ITEM\"},HideFlags:254,ItemModel:\"minecraft:acacia_door\",display:{Lore:[0:\"§f§lCOMMON\"],Name:\"§fAcacia Door\"}}",
  "damage": 0,
  "lore": [
    "§f§lCOMMON"
  ],
  "internalname": "ACACIA_DOOR_ITEM",
  "clickcommand": "viewrecipe",
  "crafttext": "",
  "modver": "Firmament 3.2.0-dev+mc1.21.5+g9791477",
  "infoType": "",
  "info": [],
  "vanilla": true,
  "recipe": {
    "A1": "WOOD-4:1",
    "A2": "WOOD-4:1",
    "A3": "",
    "B1": "WOOD-4:1",
    "B2": "WOOD-4:1",
    "B3": "",
    "C1": "WOOD-4:1",
    "C2": "WOOD-4:1",
    "C3": "",
    "count": 3
  }
}