{
  "itemid": "minecraft:acacia_stairs",
  "displayname": "§fAcacia Stairs",
  "nbttag": "{ExtraAttributes:{id:\"ACACIA_STAIRS\"},HideFlags:254,ItemModel:\"minecraft:acacia_stairs\",display:{Lore:[0:\"§f§lCOMMON\"],Name:\"§fAcacia Stairs\"}}",
  "damage": 0,
  "lore": [
    "§f§lCOMMON"
  ],
  "internalname": "ACACIA_STAIRS",
  "clickcommand": "viewrecipe",
  "crafttext": "",
  "modver": "Firmament 3.2.0-dev+mc1.21.5+g9791477",
  "infoType": "",
  "info": [],
  "vanilla": true,
  "recipe": {
    "A1": "WOOD-4:1",
    "A2": "",
    "A3": "",
    "B1": "WOOD-4:1",
    "B2": "WOOD-4:1",
    "B3": "",
    "C1": "WOOD-4:1",
    "C2": "WOOD-4:1",
    "C3": "WOOD-4:1",
    "count": 4
  }
}