{
  "itemid": "minecraft:red_flower",
  "displayname": "§9The Alchemist's Staff",
  "nbttag": "{ExtraAttributes:{id:\"ALCHEMISTS_STAFF\"},HideFlags:254,ItemModel:\"minecraft:allium\",display:{Lore:[0:\"§7Damage: §c+50\",1:\"§7Strength: §c+20\",2:\"§7Intelligence: §a+20\",3:\"\",4:\"§6Ability: Coin Conversion  §e§lRIGHT CLICK\",5:\"§7Spend coins to cast a projectile which deals\",6:\"§c10,080.1 §7damage on hit and knocks enemies\",7:\"§7back.\",8:\"§8Coin Cost: §6100,000\",9:\"\",10:\"§4❣ §cRequires §aCombat Skill 22§c.\",11:\"§8§l* §8Soulbound §8§l*\",12:\"§9§lRARE WAND\"],Name:\"§9The Alchemist's Staff\"}}",
  "damage": 2,
  "lore": [
    "§7Damage: §c+50",
    "§7Strength: §c+20",
    "§7Intelligence: §a+20",
    "",
    "§6Ability: Coin Conversion  §e§lRIGHT CLICK",
    "§7Spend coins to cast a projectile which deals",
    "§c10,080.1 §7damage on hit and knocks enemies",
    "§7back.",
    "§8Coin Cost: §6100,000",
    "",
    "§4❣ §cRequires §aCombat Skill 22§c.",
    "§8§l* §8Soulbound §8§l*",
    "§9§lRARE WAND"
  ],
  "internalname": "ALCHEMISTS_STAFF",
  "clickcommand": "",
  "crafttext": "",
  "modver": "Firmament 3.2.0-dev+mc1.21.5+g0b9d5bd",
  "infoType": "WIKI_URL",
  "info": [
    "https://hypixel-skyblock.fandom.com/wiki/The_Alchemist%27s_Staff",
    "https://wiki.hypixel.net/The_Alchemist%27s_Staff"
  ]
}