{
  "itemid": "minecraft:writable_book",
  "displayname": "§5Amethyst Power Scroll",
  "nbttag": "{ExtraAttributes:{id:\"AMETHYST_POWER_SCROLL\"},HideFlags:254,ItemModel:\"minecraft:writable_book\",display:{Lore:[0:\"§8Combinable in Anvil\",1:\"\",2:\"§7Gain §a+10❈ Defense §7for §a5s §7when using your\",3:\"§e§lRIGHT CLICK §6Item Ability§7.\",4:\"\",5:\"§7Can be combined with any §bitem §7with a §e§lRIGHT\",6:\"§e§lCLICK §6Item Ability §7at an anvil.\",7:\"\",8:\"§5§lEPIC\"],Name:\"§5Amethyst Power Scroll\"},ench:[]}",
  "damage": 0,
  "lore": [
    "§8Combinable in Anvil",
    "",
    "§7Gain §a+10❈ Defense §7for §a5s §7when using your",
    "§e§lRIGHT CLICK §6Item Ability§7.",
    "",
    "§7Can be combined with any §bitem §7with a §e§lRIGHT",
    "§e§lCLICK §6Item Ability §7at an anvil.",
    "",
    "§5§lEPIC"
  ],
  "internalname": "AMETHYST_POWER_SCROLL",
  "clickcommand": "viewrecipe",
  "crafttext": "Requires: Gemstone VII",
  "modver": "Firmament 3.2.0-dev+mc1.21.5+g0b9d5bd",
  "infoType": "WIKI_URL",
  "info": [
    "https://hypixel-skyblock.fandom.com/wiki/Amethyst_Power_Scroll",
    "https://wiki.hypixel.net/Amethyst_Power_Scroll"
  ],
  "recipe": {
    "A1": "",
    "A2": "",
    "A3": "",
    "B1": "",
    "B2": "ENCHANTED_PAPER:16",
    "B3": "ENCHANTED_PAPER:16",
    "C1": "",
    "C2": "ENCHANTED_PAPER:16",
    "C3": "FINE_AMETHYST_GEM:16"
  }
}