{
  "itemid": "minecraft:feather",
  "displayname": "§9Ananke Feather",
  "nbttag": "{ExtraAttributes:{id:\"ANANKE_FEATHER\"},HideFlags:254,ItemModel:\"minecraft:feather\",display:{Lore:[0:\"§7Consume this feather to grant\",1:\"§7yourself progress in the §dRNG Meter\",2:\"§7of your choice.\",3:\"\",4:\"§eRight-click to open!\",5:\"\",6:\"§9§lRARE\"],Name:\"§9Ananke Feather\"},ench:[]}",
  "damage": 0,
  "lore": [
    "§7Consume this feather to grant",
    "§7yourself progress in the §dRNG Meter",
    "§7of your choice.",
    "",
    "§eRight-click to open!",
    "",
    "§9§lRARE"
  ],
  "internalname": "ANANKE_FEATHER",
  "clickcommand": "",
  "crafttext": "",
  "modver": "Firmament 3.1.0-dev+mc1.21.5+g58be5f6",
  "infoType": "WIKI_URL",
  "info": [
    "https://hypixel-skyblock.fandom.com/wiki/Ananke_Feather",
    "https://wiki.hypixel.net/Ananke_Feather"
  ]
}