{
  "itemid": "minecraft:diamond_helmet",
  "displayname": "§fAngler Helmet",
  "nbttag": "{ExtraAttributes:{id:\"ANGLER_HELMET\"},HideFlags:254,ItemModel:\"minecraft:diamond_helmet\",Unbreakable:1B,display:{Lore:[0:\"§7Sea Creature Chance: §c+1%\",1:\"§7Defense: §a+20\",2:\"\",3:\"§8Tiered Bonus: Depth Champion (0/8)\",4:\"§7Reduces the damage taken from §3Sea\",5:\"§3Creatures §7by §a3%§7.\",6:\"\",7:\"§8Tiered Bonus: Deepness Within (0/4)\",8:\"§7Gain §c6❤ §7per Fishing level.\",9:\"§7Fishing: §eLevel §e§k00\",10:\"\",11:\"§8This item can be reforged!\",12:\"§f§lCOMMON HELMET\"],Name:\"§fAngler Helmet\"},ench:[]}",
  "damage": 0,
  "lore": [
    "§7Sea Creature Chance: §c+1%",
    "§7Defense: §a+20",
    "",
    "§8Tiered Bonus: Depth Champion (0/8)",
    "§7Reduces the damage taken from §3Sea",
    "§3Creatures §7by §a3%§7.",
    "",
    "§8Tiered Bonus: Deepness Within (0/4)",
    "§7Gain §c6❤ §7per Fishing level.",
    "§7Fishing: §eLevel §e§k00",
    "",
    "§8This item can be reforged!",
    "§f§lCOMMON HELMET"
  ],
  "internalname": "ANGLER_HELMET",
  "clickcommand": "",
  "crafttext": "",
  "modver": "Firmament 3.2.0-dev+mc1.21.5+g64ef955",
  "infoType": "WIKI_URL",
  "info": [
    "https://hypixel-skyblock.fandom.com/wiki/Angler_Helmet",
    "https://wiki.hypixel.net/Angler_Helmet"
  ]
}