{
  "itemid": "minecraft:skull",
  "displayname": "§9Arachne's Calling",
  "nbttag": "{ExtraAttributes:{id:\"ARACHNE_KEEPER_FRAGMENT\"},HideFlags:254,ItemModel:\"minecraft:player_head\",SkullOwner:{Id:\"ceba54f1-f253-395f-a300-35b7489c0cb1\",Properties:{textures:[0:{Name:\"textures\",Value:\"eyJ0ZXh0dXJlcyI6eyJTS0lOIjp7InVybCI6Imh0dHA6Ly90ZXh0dXJlcy5taW5lY3JhZnQubmV0L3RleHR1cmUvZTRhYWNiOGEzNmUyMjdkODYxZWE0NDM2NmNlM2IzNTEwZWU3YzI3MjJjNGVhNTFiMmYyZTgzNzQ5YmYxMjQifX19\"}]},hypixelPopulated:1B},display:{Lore:[0:\"§7Place §a4 §7of these at the §5Altar §7in\",1:\"§4Arachne's Sanctuary §7to summon her.\",2:\"\",3:\"§7§o\\\"It's time.\\\" §7- Uninformed Spider\",4:\"\",5:\"§9§lRARE\"],Name:\"§9Arachne's Calling\"}}",
  "damage": 3,
  "lore": [
    "§7Place §a4 §7of these at the §5Altar §7in",
    "§4Arachne's Sanctuary §7to summon her.",
    "",
    "§7§o\"It's time.\" §7- Uninformed Spider",
    "",
    "§9§lRARE"
  ],
  "internalname": "ARACHNE_KEEPER_FRAGMENT",
  "clickcommand": "",
  "crafttext": "",
  "modver": "Firmament 3.2.0-dev+mc1.21.5+g64ef955",
  "infoType": "WIKI_URL",
  "info": [
    "https://hypixel-skyblock.fandom.com/wiki/Arachne%27s_Calling",
    "https://wiki.hypixel.net/Arachne%27s_Calling"
  ]
}