{
  "itemid": "minecraft:paper",
  "displayname": "§5Architect's First Draft",
  "nbttag": "{ExtraAttributes:{id:\"ARCHITECT_FIRST_DRAFT\"},HideFlags:254,ItemModel:\"minecraft:paper\",display:{Lore:[0:\"§7Can be used to reset a puzzle room\",1:\"§7when in dungeons.\",2:\"\",3:\"§7A 'reset' button seems to have been\",4:\"§7hidden somewhere in the floor, just\",5:\"§7in case something goes wrong...\",6:\"\",7:\"§cDungeons only!\",8:\"\",9:\"§5§lEPIC DUNGEON ITEM\"],Name:\"§5Architect's First Draft\"}}",
  "damage": 0,
  "lore": [
    "§7Can be used to reset a puzzle room",
    "§7when in dungeons.",
    "",
    "§7A 'reset' button seems to have been",
    "§7hidden somewhere in the floor, just",
    "§7in case something goes wrong...",
    "",
    "§cDungeons only!",
    "",
    "§5§lEPIC DUNGEON ITEM"
  ],
  "internalname": "ARCHITECT_FIRST_DRAFT",
  "clickcommand": "",
  "crafttext": "",
  "modver": "Firmament 3.2.0-dev+mc1.21.5+gb028db5",
  "infoType": "WIKI_URL",
  "info": [
    "https://hypixel-skyblock.fandom.com/wiki/Architect%27s_First_Draft",
    "https://wiki.hypixel.net/Architect%27s_First_Draft"
  ]
}