{
  "itemid": "minecraft:skull",
  "displayname": "§dArgofay Doorholder (Rift NPC)",
  "nbttag": "{SkullOwner:{Id:\"d0b660fd-e46a-2a01-b1cf-34d4a7d401f0\",Properties:{textures:[0:{Value:\"eyJ0ZXh0dXJlcyI6eyJTS0lOIjp7InVybCI6Imh0dHBzOi8vdGV4dHVyZXMubWluZWNyYWZ0Lm5ldC90ZXh0dXJlL2ZjYmU3MGMyZDFjNjhmZmFiZDJmYmJiZTNmZmYxNzQ2ZjQyMjI5Mzc4NjU2MDQ3NmVjZGZlYzVhYTI5M2Q3ZmEifX19\"}]},Name:\"d0b660fd-e46a-2a01-b1cf-34d4a7d401f0\"},display:{Lore:[0:\"\"],Name:\"§dArgofay Doorholder (Rift NPC)\"},ExtraAttributes:{id:\"ARGOFAY_DOORHOLDER_RIFT_NPC\"}}",
  "damage": 3,
  "lore": [
    ""
  ],
  "internalname": "ARGOFAY_DOORHOLDER_RIFT_NPC",
  "clickcommand": "",
  "modver": "",
  "x": -5,
  "y": 181,
  "z": 25,
  "island": "rift",
  "infoType": "WIKI_URL",
  "info": [
    "https://wiki.hypixel.net/Argofay_Doorholder"
  ]
}