{
  "itemid": "minecraft:skull",
  "displayname": "§aArrow Swapper",
  "nbttag": "{ExtraAttributes:{id:\"ARROW_SWAPPER\"},HideFlags:254,ItemModel:\"minecraft:player_head\",SkullOwner:{Id:\"a4460008-5d98-32bf-adc5-7cc2b0d93cc4\",Properties:{textures:[0:{Name:\"textures\",Value:\"eyJ0ZXh0dXJlcyI6eyJTS0lOIjp7InVybCI6Imh0dHA6Ly90ZXh0dXJlcy5taW5lY3JhZnQubmV0L3RleHR1cmUvNzg1NmNmOTcxNjIzOWE3NzA2MjY4NjUyZWZmM2IyOWNlNWRhY2RmYWIxZmIyZmIzMGE1NGIwNzk2NzQwMDYyIn19fQ==\"}]},hypixelPopulated:1B},display:{Lore:[0:\"§7Select the arrow type you want\",1:\"§7to take priority in your quiver.\",2:\"\",3:\"§aSelected: §cNone\",4:\"\",5:\"§eLeft-click: Previous arrow\",6:\"§eRight-click: Next arrow\",7:\"\",8:\"§a§lUNCOMMON\"],Name:\"§aArrow Swapper\"}}",
  "damage": 3,
  "lore": [
    "§7Select the arrow type you want",
    "§7to take priority in your quiver.",
    "",
    "§aSelected: §cNone",
    "",
    "§eLeft-click: Previous arrow",
    "§eRight-click: Next arrow",
    "",
    "§a§lUNCOMMON"
  ],
  "internalname": "ARROW_SWAPPER",
  "clickcommand": "",
  "crafttext": "",
  "modver": "Firmament 3.2.0-dev+mc1.21.5+g64ef955",
  "infoType": "WIKI_URL",
  "info": [
    "https://hypixel-skyblock.fandom.com/wiki/Arrow_Swapper",
    "https://wiki.hypixel.net/Arrow_Swapper"
  ]
}