{
  "itemid": "minecraft:diamond_sword",
  "displayname": "§6Aspect of the Dragons",
  "nbttag": "{ExtraAttributes:{id:\"ASPECT_OF_THE_DRAGON\"},HideFlags:254,ItemModel:\"minecraft:diamond_sword\",Unbreakable:1B,display:{Lore:[0:\"§7Damage: §c+225\",1:\"§7Strength: §c+100\",2:\" §8[❁]\",3:\"\",4:\"§6Ability: Dragon Rage  §e§lRIGHT CLICK\",5:\"§7All Monsters in front of you take §a12,072.1\",6:\"§7damage. Hit monsters take large knockback.\",7:\"§8Mana Cost: §3100\",8:\"\",9:\"§8This item can be reforged!\",10:\"§4❣ §cRequires §aCombat Skill 18§c.\",11:\"§6§lLEGENDARY SWORD\"],Name:\"§6Aspect of the Dragons\"}}",
  "damage": 0,
  "lore": [
    "§7Damage: §c+225",
    "§7Strength: §c+100",
    " §8[❁]",
    "",
    "§6Ability: Dragon Rage  §e§lRIGHT CLICK",
    "§7All Monsters in front of you take §a12,072.1",
    "§7damage. Hit monsters take large knockback.",
    "§8Mana Cost: §3100",
    "",
    "§8This item can be reforged!",
    "§4❣ §cRequires §aCombat Skill 18§c.",
    "§6§lLEGENDARY SWORD"
  ],
  "internalname": "ASPECT_OF_THE_DRAGON",
  "clickcommand": "",
  "crafttext": "",
  "modver": "Firmament 3.2.0-dev+mc1.21.5+g0b9d5bd",
  "infoType": "WIKI_URL",
  "info": [
    "https://hypixel-skyblock.fandom.com/wiki/Aspect_of_the_Dragons",
    "https://wiki.hypixel.net/Aspect_Of_The_Dragons"
  ]
}