{
  "itemid": "minecraft:diamond_block",
  "displayname": "§fMiner Zombie",
  "nbttag": "{ExtraAttributes:{attributes:{rotten_pickaxe:1},id:\"ATTRIBUTE_SHARD_ROTTEN_PICKAXE;1\"},HideFlags:254,ItemModel:\"minecraft:diamond_block\",display:{Lore:[0:\"§6Rotten Pickaxe I\",1:\"§7Grants §6+3 ⸕ Mining Speed§7.\",2:\"\",3:\"§7You can Syphon this shard from\",4:\"§7your §aHunting Box§7.\",5:\"\",6:\"§eRight-click to send to Hunting Box!\",7:\"§eShift Right-click to move all!\",8:\"\",9:\"§f§lCOMMON COMBAT SHARD §8(ID C36)\"],Name:\"§fMiner Zombie\"}}",
  "damage": 0,
  "lore": [
    "§6Rotten Pickaxe I",
    "§7Grants §6+3 ⸕ Mining Speed§7.",
    "",
    "§7You can Syphon this shard from",
    "§7your §aHunting Box§7.",
    "",
    "§eRight-click to send to Hunting Box!",
    "§eShift Right-click to move all!",
    "",
    "§f§lCOMMON COMBAT SHARD §8(ID C36)"
  ],
  "internalname": "ATTRIBUTE_SHARD_ROTTEN_PICKAXE;1",
  "clickcommand": "",
  "crafttext": "",
  "modver": "Firmament 3.1.0-dev+mc1.21.5+g58be5f6",
  "infoType": "",
  "info": []
}