{
  "itemid": "minecraft:skull",
  "displayname": "§aZombie Soldier",
  "nbttag": "{ExtraAttributes:{attributes:{undead:1},id:\"ATTRIBUTE_SHARD_UNDEAD;1\"},HideFlags:254,ItemModel:\"minecraft:zombie_head\",display:{Lore:[0:\"§6Undead Ruler I\",1:\"§7Grants §a+3% §7more §c❁ Damage §7against\",2:\"§aUndead Monsters§7.\",3:\"\",4:\"§7You can Syphon this shard from\",5:\"§7your §aHunting Box§7.\",6:\"\",7:\"§eRight-click to send to Hunting Box!\",8:\"§eShift Right-click to move all!\",9:\"\",10:\"§a§lUNCOMMON COMBAT SHARD §8(ID U24)\"],Name:\"§aZombie Soldier\"}}",
  "damage": 2,
  "lore": [
    "§6Undead Ruler I",
    "§7Grants §a+3% §7more §c❁ Damage §7against",
    "§aUndead Monsters§7.",
    "",
    "§7You can Syphon this shard from",
    "§7your §aHunting Box§7.",
    "",
    "§eRight-click to send to Hunting Box!",
    "§eShift Right-click to move all!",
    "",
    "§a§lUNCOMMON COMBAT SHARD §8(ID U24)"
  ],
  "internalname": "ATTRIBUTE_SHARD_UNDEAD;1",
  "clickcommand": "",
  "crafttext": "",
  "modver": "Firmament 3.1.0-dev+mc1.21.5+g58be5f6",
  "infoType": "",
  "info": []
}