{
  "itemid": "minecraft:skull",
  "displayname": "§9Wither",
  "nbttag": "{ExtraAttributes:{attributes:{wither_essence:1},id:\"ATTRIBUTE_SHARD_WITHER_ESSENCE;1\"},HideFlags:254,ItemModel:\"minecraft:wither_skeleton_skull\",display:{Lore:[0:\"§6Essence of Wither I\",1:\"§7Gain §a+1% §7more §8Wither Essence§7.\",2:\"\",3:\"§7You can Syphon this shard from\",4:\"§7your §aHunting Box§7.\",5:\"\",6:\"§eRight-click to send to Hunting Box!\",7:\"§eShift Right-click to move all!\",8:\"\",9:\"§9§lRARE COMBAT SHARD §8(ID R60)\"],Name:\"§9Wither\"}}",
  "damage": 1,
  "lore": [
    "§6Essence of Wither I",
    "§7Gain §a+1% §7more §8Wither Essence§7.",
    "",
    "§7You can Syphon this shard from",
    "§7your §aHunting Box§7.",
    "",
    "§eRight-click to send to Hunting Box!",
    "§eShift Right-click to move all!",
    "",
    "§9§lRARE COMBAT SHARD §8(ID R60)"
  ],
  "internalname": "ATTRIBUTE_SHARD_WITHER_ESSENCE;1",
  "clickcommand": "",
  "crafttext": "",
  "modver": "Firmament 3.1.0-dev+mc1.21.5+g58be5f6",
  "infoType": "",
  "info": []
}