{
  "itemid": "minecraft:skull",
  "displayname": "§6Auto Recombobulator",
  "nbttag": "{ExtraAttributes:{id:\"AUTO_RECOMBOBULATOR\"},HideFlags:254,ItemModel:\"minecraft:player_head\",SkullOwner:{Id:\"10479f18-e67f-3c86-93e2-b4df79d0457e\",Properties:{textures:[0:{Name:\"textures\",Value:\"eyJ0ZXh0dXJlcyI6eyJTS0lOIjp7InVybCI6Imh0dHA6Ly90ZXh0dXJlcy5taW5lY3JhZnQubmV0L3RleHR1cmUvNWRmZjhkYmJhYjE1YmZiYjExZTIzYjFmNTBiMzRlZjU0OGFkOTgzMmMwYmQ3ZjVhMTM3OTFhZGFkMDA1N2UxYiJ9fX0K\"}]},hypixelPopulated:1B},display:{Lore:[0:\"§7Grants a §a1% §7chance to\",1:\"§7automatically recombobulate\",2:\"§7drops you get from enemies.\",3:\"\",4:\"§6§lLEGENDARY DUNGEON ACCESSORY\"],Name:\"§6Auto Recombobulator\"}}",
  "damage": 3,
  "lore": [
    "§7Grants a §a1% §7chance to",
    "§7automatically recombobulate",
    "§7drops you get from enemies.",
    "",
    "§6§lLEGENDARY DUNGEON ACCESSORY"
  ],
  "internalname": "AUTO_RECOMBOBULATOR",
  "clickcommand": "",
  "crafttext": "",
  "modver": "Firmament 3.2.0-dev+mc1.21.5+g64ef955",
  "infoType": "WIKI_URL",
  "info": [
    "https://hypixel-skyblock.fandom.com/wiki/Auto_Recombobulator",
    "https://wiki.hypixel.net/Auto_Recombobulator"
  ]
}