{
  "itemid": "minecraft:leather_leggings",
  "displayname": "§aBackwater Leggings",
  "nbttag": "{Unbreakable:1b,HideFlags:254,display:{Lore:[0:\"§7Sea Creature Chance: §c+1%\",1:\"§7Health: §a+40\",2:\"§7Defense: §a+20\",3:\"§7Treasure Chance: §a+0.1%\",4:\"\",5:\"§8Tiered Bonus: Swamp Soldier (0/8)\",6:\"§7Increases damage dealt to §3Sea\",7:\"§3Creatures §7by §a5%§7.\",8:\"\",9:\"§7§8This item can be reforged!\",10:\"§a§lUNCOMMON LEGGINGS\"],color:97585,Name:\"§aBackwater Leggings\"},ExtraAttributes:{id:\"BACKWATER_LEGGINGS\"}}",
  "damage": 0,
  "lore": [
    "§7Sea Creature Chance: §c+1%",
    "§7Health: §a+40",
    "§7Defense: §a+20",
    "§7Treasure Chance: §a+0.1%",
    "",
    "§8Tiered Bonus: Swamp Soldier (0/8)",
    "§7Increases damage dealt to §3Sea",
    "§3Creatures §7by §a5%§7.",
    "",
    "§7§8This item can be reforged!",
    "§a§lUNCOMMON LEGGINGS"
  ],
  "internalname": "BACKWATER_LEGGINGS",
  "crafttext": "",
  "clickcommand": "",
  "modver": "",
  "infoType": "WIKI_URL",
  "info": [
    "https://wiki.hypixel.net/Backwater_Leggings"
  ]
}