{
  "locationFixes": {
    "westVillageFarmArea": {
      "a": "-54.0:69.0:-115.0",
      "b": "-40.0:75.0:-127.0",
      "island_name": "The Rift",
      "real_location": "Dreadfarm"
    },
    "fakeZealotBruiserHideoutArea": {
      "a": "-520.0:66.0:-332.0",
      "b": "-558.0:85.0:-280.0",
      "island_name": "The End",
      "real_location": "The End"
    },
    "realZealotBruiserHideoutArea": {
      "a": "-552.0:50.0:-245.0",
      "b": "-580.0:72.0:-209.0",
      "island_name": "The End",
      "real_location": "Zealot Bruiser Hideout"
    },
    "leftStronghold": {
      "a": "-463.7:94.0:-518.3",
      "b": "-435.3:115.0:-547.7",
      "island_name": "Crimson Isle",
      "real_location": "Stronghold"
    },
    "extendedBurningDesertArea": {
      "a": "-445.0:80:-895.0",
      "b": "-540.0:110:-646.0",
      "island_name": "Crimson Isle",
      "real_location": "Burning Desert"
    },
    "extendedMistArea": {
      "a": "-90.0:105:16.0",
      "b": "200.0:67:163.0",
      "island_name": "Dwarven Mines",
      "real_location": "The Mist"
    }
  }
}
