{
  "slayers": {
    "Revenant Horror": [
      "REVENANT_FLESH",
      "FOUL_FLESH",
      "ZOMBIE_SLAYER_RUNE;1",
      "UNDEAD_CATALYST",
      "SMITE;6",
      "BEHEADED_HORROR",
      "REVENANT_CATALYST",
      "SNAKE_RUNE;1",
      "REVENANT_VISCERA",
      "SCYTHE_BLADE",
      "SMITE;7",
      "SHARD_OF_THE_SHREDDED",
      "WARDEN_HEART",
      "ROTTEN_FLESH",
      "GOLD_INGOT",
      "GOLDEN_POWDER",
      "GHOUL;3",
      "GHOUL;4",
      "DYE_MATCHA",
      "ATTRIBUTE_SHARD_UNDEAD_ESSENCE;1",
      "FESTERING_MAGGOT"
    ],
    "Tarantula Broodfather": [
      "TARANTULA_WEB",
      "TOXIC_ARROW_POISON",
      "BITE_RUNE;1",
      "SPIDER_CATALYST",
      "BANE_OF_ARTHROPODS;6",
      "FLY_SWATTER",
      "TARANTULA_TALISMAN",
      "DIGESTED_MOSQUITO",
      "SPIDER_EYE",
      "STRING",
      "BONE",
      "TARANTULA;3",
      "TARANTULA;4",
      "SPIDERS_DEN_TOP_TRAVEL_SCROLL",
      "ARACHNE_KEEPER_FRAGMENT",
      "BURNING_EYE",
      "DARKNESS_WITHIN_RUNE;1",
      "TARANTULA_CATALYST",
      "VIAL_OF_VENOM",
      "PRIMORDIAL_EYE",
      "ENSNARED_SNAIL",
      "SHRIVELED_WASP",
      "TARANTULA_SILK",
      "DYE_BRICK_RED"
    ],
    "Sven Packmaster": [
      "WOLF_TOOTH",
      "HAMSTER_WHEEL",
      "SPIRIT_RUNE;1",
      "CRITICAL;6",
      "FURBALL",
      "RED_CLAW_EGG",
      "COUTURE_RUNE;1",
      "OVERFLUX_CAPACITOR",
      "GRIZZLY_BAIT",
      "BONE",
      "WOLF_TALISMAN",
      "PARK_CAVE_TRAVEL_SCROLL",
      "HOUND;3",
      "HOUND;4",
      "WEAK_WOLF_CATALYST",
      "PET_ITEM_FORAGING_SKILL_BOOST_EPIC",
      "DYE_CELESTE"
    ],
    "Voidgloom Seraph": [
      "NULL_SPHERE",
      "TWILIGHT_ARROW_POISON",
      "ENDERSNAKE_RUNE;1",
      "SUMMONING_EYE",
      "MANA_STEAL;1",
      "TRANSMISSION_TUNER",
      "NULL_ATOM",
      "HAZMAT_ENDERMAN",
      "POCKET_ESPRESSO_MACHINE",
      "SMARTY_PANTS;1",
      "DRAGON_RUNE;1",
      "HANDY_BLOOD_CHALICE",
      "SINFUL_DICE",
      "EXCEEDINGLY_RARE_ENDER_ARTIFACT_UPGRADER",
      "PET_SKIN_ENDERMAN_SLAYER",
      "ETHERWARP_MERGER",
      "JUDGEMENT_CORE",
      "ENCHANT_RUNE;1",
      "ENDER_SLAYER;7",
      "ENCHANTED_ENDER_PEARL",
      "ENDER_PEARL",
      "ENDERMAN_CORTEX_REWRITER",
      "ENDERMAN;0",
      "ENDERMAN;1",
      "ENDERMAN;2",
      "ENDERMAN;3",
      "ENDERMAN;4",
      "DYE_BYZANTIUM"
    ],
    "Inferno Demonlord": [
      "DERELICT_ASHE",
      "LAVATEARS_RUNE;1",
      "WISP_POTION",
      "ARROW_BUNDLE_MAGMA",
      "MANA_DISINTEGRATOR",
      "SCORCHED_BOOKS",
      "KELVIN_INVERTER",
      "BLAZE_ROD_DISTILLATE",
      "GLOWSTONE_DUST_DISTILLATE",
      "MAGMA_CREAM_DISTILLATE",
      "NETHER_STALK_DISTILLATE",
      "CRUDE_GABAGOOL_DISTILLATE",
      "SCORCHED_POWER_CRYSTAL",
      "ARCHFIEND_DICE",
      "FIRE_ASPECT;3",
      "FIERY_BURST_RUNE;1",
      "FLAWED_OPAL_GEM",
      "ULTIMATE_REITERATE;1",
      "HIGH_CLASS_ARCHFIEND_DICE",
      "WILSON_ENGINEERING_PLANS",
      "SUBZERO_INVERTER",
      "BLAZE_ASHES",
      "BLAZE_ROD",
      "ENCHANTED_BLAZE_POWDER",
      "NETHERRACK_LOOKING_SUNSHADE",
      "MILLENIA_OLD_BLAZE_ASHES",
      "SMOLDERING;1",
      "SWORD_OF_BAD_HEALTH",
      "DYE_FLAME"
    ],
    "Riftstalker Bloodfiend": [
      "COVEN_SEAL",
      "ENCHANTED_BOOK_BUNDLE_QUANTUM",
      "SOULTWIST_RUNE;1",
      "BUBBA_BLISTER",
      "CHOCOLATE_CHIP",
      "GUARDIAN_LUCKY_BLOCK",
      "MCGRUBBER_BURGER",
      "UNFANGED_VAMPIRE_PART",
      "ENCHANTED_BOOK_BUNDLE_THE_ONE",
      "HEMOVIBE",
      "VAMPIRIC_MELON",
      "DYE_SANGRIA"
    ]
  }
}
